{"cameraMode":{"drawMode":0,"name":"Shaded","section":"Shading Mode"},"sceneLighting":true,"audioPlay":false,"sceneViewState":{"showFog":true,"showMaterialUpdate":false,"showSkybox":true,"showFlares":true,"showImageEffects":true,"showParticleSystems":true},"in2DMode":false,"pivot":{"x":-1.8810596466064454,"y":-0.9947738647460938,"z":9.385683059692383},"rotation":{"x":0.22698165476322175,"y":0.6077272295951843,"z":-0.18699350953102113,"w":0.7376876473426819},"size":8.865484237670899,"orthographic":false}