{"cameraMode":{"drawMode":0,"name":"Shaded","section":"Shading Mode"},"sceneLighting":true,"audioPlay":false,"sceneViewState":{"showFog":true,"showMaterialUpdate":false,"showSkybox":false,"showFlares":true,"showImageEffects":true,"showParticleSystems":true},"in2DMode":false,"pivot":{"x":0.06319442391395569,"y":3.3499999046325685,"z":1.8180441856384278},"rotation":{"x":0.22698165476322175,"y":0.6077272295951843,"z":-0.18699350953102113,"w":0.7376876473426819},"size":0.3473111689090729,"orthographic":false}